forecast_month,latitude,longitude,predicted_incidents,risk_score,hotspot_z
2014-11,-5.0,149.0,0.79,8.7347,11.053
2014-11,-5.0,148.0,0.67,6.3166,9.399
2014-11,-3.0,149.0,0.64,5.7296,8.952
2014-11,-3.0,148.0,0.62,5.3303,8.634
2014-11,-2.0,145.0,0.58,4.6663,8.079
2014-11,-5.0,150.0,0.55,4.2226,7.685
2014-11,-2.0,146.0,0.55,4.1755,7.642
2014-11,-2.0,147.0,0.55,4.1755,7.642
2014-11,-3.0,150.0,0.53,3.8773,7.364
2014-11,-1.0,144.0,0.52,3.8357,7.324
2014-11,-1.0,145.0,0.52,3.8357,7.324
2014-11,-2.0,144.0,0.51,3.6306,7.126
2014-11,-4.0,148.0,0.5,3.5501,7.046
2014-11,-3.0,146.0,0.5,3.5501,7.046
2014-11,-1.0,143.0,0.5,3.4312,6.927
2014-11,-4.0,150.0,0.48,3.1614,6.649
2014-11,-3.0,147.0,0.48,3.1614,6.649
2014-11,-3.0,144.0,0.45,2.8624,6.327
2014-11,-4.0,149.0,0.44,2.6898,6.133
2014-11,-1.0,146.0,0.44,2.6898,6.133
2014-11,-5.0,147.0,0.43,2.5669,5.992
2014-11,-1.0,147.0,0.42,2.5185,5.935
2014-11,0.0,146.0,0.42,2.5185,5.935
2014-11,0.0,147.0,0.42,2.5185,5.935
2014-11,-4.0,146.0,0.42,2.4915,5.903
2014-11,-2.0,148.0,0.4,2.2244,5.578
2014-11,-3.0,145.0,0.4,2.1929,5.538
2014-11,-4.0,145.0,0.39,2.1532,5.488
2014-11,-3.0,143.0,0.38,2.0119,5.305
2014-11,0.0,145.0,0.38,2.0083,5.3
2014-11,-2.0,155.0,0.36,1.8607,5.101
2014-11,-2.0,154.0,0.36,1.8033,5.022
2014-11,-3.0,156.0,0.36,1.7749,4.982
2014-11,0.0,148.0,0.35,1.7467,4.943
2014-11,-3.0,155.0,0.34,1.6635,4.824
2014-11,-2.0,149.0,0.34,1.6635,4.824
2014-11,-3.0,142.0,0.34,1.6291,4.773
2014-11,-4.0,147.0,0.34,1.6092,4.744
2014-11,-2.0,143.0,0.33,1.5033,4.585
2014-11,-3.0,157.0,0.32,1.4517,4.506
2014-11,-4.0,144.0,0.32,1.4436,4.493
2014-11,-1.0,142.0,0.32,1.4262,4.466
2014-11,0.0,144.0,0.32,1.401,4.427
2014-11,-1.0,149.0,0.31,1.3266,4.307
2014-11,-6.0,151.0,0.31,1.3169,4.292
2014-11,-2.0,156.0,0.3,1.2782,4.228
2014-11,0.0,149.0,0.3,1.2782,4.228
2014-11,-5.0,151.0,0.29,1.1654,4.037
2014-11,-3.0,158.0,0.29,1.1382,3.99
2014-11,-1.0,151.0,0.29,1.1382,3.99
2014-11,-4.0,155.0,0.28,1.1157,3.95
2014-11,-1.0,150.0,0.27,1.0494,3.831
2014-11,-2.0,153.0,0.27,1.0278,3.791
2014-11,-1.0,152.0,0.27,1.0064,3.752
2014-11,-8.0,151.0,0.26,0.9455,3.637
2014-11,-3.0,159.0,0.26,0.9435,3.633
2014-11,1.0,144.0,0.26,0.9435,3.633
2014-11,-4.0,156.0,0.26,0.923,3.593
2014-11,-1.0,153.0,0.26,0.923,3.593
2014-11,-1.0,154.0,0.26,0.923,3.593
2014-11,0.0,151.0,0.25,0.9027,3.553
2014-11,1.0,145.0,0.25,0.9027,3.553
2014-11,-5.0,146.0,0.25,0.8968,3.542
2014-11,0.0,150.0,0.25,0.8432,3.434
2014-11,-4.0,157.0,0.24,0.8047,3.355
2014-11,0.0,153.0,0.24,0.8047,3.355
2014-11,-1.0,155.0,0.24,0.7858,3.315
2014-11,0.0,152.0,0.23,0.7671,3.275
2014-11,-2.0,150.0,0.23,0.7486,3.236
2014-11,-1.0,148.0,0.23,0.7486,3.236
2014-11,0.0,143.0,0.23,0.7486,3.236
2014-11,-7.0,151.0,0.23,0.7271,3.189
2014-11,-4.0,154.0,0.22,0.6945,3.117
2014-11,-7.0,153.0,0.22,0.6769,3.077
2014-11,-6.0,152.0,0.22,0.6596,3.037
2014-11,-3.0,154.0,0.21,0.6424,2.998
2014-11,1.0,146.0,0.21,0.6424,2.998
2014-11,-2.0,142.0,0.21,0.6337,2.977
2014-11,-2.0,157.0,0.21,0.6255,2.958
2014-11,-8.0,150.0,0.21,0.612,2.926
2014-11,-6.0,153.0,0.21,0.5924,2.878
2014-11,-3.0,151.0,0.2,0.5762,2.839
2014-11,-7.0,152.0,0.2,0.5602,2.799
2014-11,-2.0,141.0,0.2,0.5438,2.758
2014-11,-5.0,152.0,0.19,0.4984,2.64
2014-11,-4.0,151.0,0.19,0.4984,2.64
2014-11,-3.0,160.0,0.19,0.4984,2.64
2014-11,-5.0,154.0,0.19,0.4975,2.638
2014-11,-1.0,156.0,0.18,0.4545,2.521
2014-11,1.0,143.0,0.18,0.4545,2.521
2014-11,0.0,154.0,0.17,0.4263,2.442
2014-11,-2.0,151.0,0.17,0.3857,2.323
2014-11,0.0,142.0,0.17,0.3857,2.323
2014-11,-1.0,141.0,0.16,0.3728,2.284
2014-11,1.0,151.0,0.16,0.3598,2.243
2014-11,-5.0,157.0,0.15,0.3348,2.164
2014-11,0.0,155.0,0.15,0.3348,2.164
2014-11,-6.0,154.0,0.15,0.3293,2.146
2014-11,-5.0,155.0,0.15,0.324,2.129
2014-11,-3.0,153.0,0.15,0.3107,2.085
2014-11,-8.0,152.0,0.15,0.3103,2.083
2014-11,-2.0,158.0,0.15,0.299,2.045
2014-11,-4.0,158.0,0.14,0.2875,2.005
2014-11,-4.0,159.0,0.14,0.2762,1.965
2014-11,-2.0,168.0,0.14,0.2762,1.965
2014-11,-1.0,159.0,0.14,0.2628,1.917
2014-11,-2.0,167.0,0.13,0.2543,1.886
2014-11,-1.0,158.0,0.13,0.2512,1.874
2014-11,-2.0,159.0,0.13,0.2438,1.846
2014-11,-2.0,166.0,0.13,0.2438,1.846
2014-11,-8.0,153.0,0.13,0.2383,1.826
2014-11,-1.0,157.0,0.13,0.2334,1.807
2014-11,2.0,145.0,0.13,0.2265,1.78
2014-11,1.0,147.0,0.13,0.2232,1.767
2014-11,1.0,150.0,0.12,0.2133,1.727
2014-11,1.0,152.0,0.12,0.2133,1.727
2014-11,-5.0,153.0,0.12,0.2036,1.688
2014-11,-2.0,152.0,0.11,0.1849,1.608
2014-11,1.0,154.0,0.11,0.1849,1.608
2014-11,-5.0,159.0,0.11,0.1759,1.569
2014-11,-4.0,153.0,0.11,0.1759,1.569
2014-11,-4.0,160.0,0.11,0.1759,1.569
2014-11,-5.0,160.0,0.11,0.1586,1.489
2014-11,1.0,153.0,0.11,0.1586,1.489
2014-11,3.0,170.0,0.11,0.1586,1.489
2014-11,5.0,169.0,0.1,0.1504,1.45
2014-11,-4.0,161.0,0.1,0.1421,1.41
2014-11,-2.0,169.0,0.1,0.1421,1.41
2014-11,0.0,166.0,0.1,0.1421,1.41
2014-11,-3.0,167.0,0.1,0.1417,1.408
2014-11,-2.0,160.0,0.1,0.1417,1.408
2014-11,-3.0,161.0,0.1,0.1342,1.37
2014-11,-1.0,167.0,0.1,0.1342,1.37
2014-11,0.0,165.0,0.1,0.1342,1.37
2014-11,-3.0,168.0,0.1,0.1333,1.366
2014-11,6.0,171.0,0.1,0.1333,1.366
2014-11,1.0,142.0,0.1,0.1265,1.33
2014-11,-5.0,156.0,0.09,0.1252,1.323
2014-11,5.0,170.0,0.09,0.1252,1.323
2014-11,-5.0,161.0,0.09,0.1191,1.291
2014-11,4.0,170.0,0.09,0.1191,1.291
2014-11,4.0,171.0,0.09,0.1119,1.251
2014-11,-1.0,160.0,0.09,0.111,1.246
2014-11,-7.0,150.0,0.09,0.1084,1.231
2014-11,2.0,144.0,0.09,0.1084,1.231
2014-11,6.0,172.0,0.09,0.1083,1.231
2014-11,-1.0,166.0,0.09,0.1049,1.211
2014-11,6.0,170.0,0.09,0.1023,1.196
2014-11,3.0,169.0,0.08,0.0981,1.172
2014-11,-7.0,154.0,0.08,0.0928,1.139
2014-11,-3.0,169.0,0.08,0.0928,1.139
2014-11,-2.0,161.0,0.08,0.0928,1.139
2014-11,4.0,169.0,0.08,0.0916,1.132
2014-11,-1.0,168.0,0.08,0.0853,1.092
2014-11,1.0,155.0,0.08,0.0853,1.092
2014-11,-2.0,165.0,0.08,0.0792,1.052
2014-11,2.0,156.0,0.07,0.0733,1.013
2014-11,2.0,143.0,0.07,0.0718,1.002
2014-11,-5.0,158.0,0.07,0.0677,0.973
2014-11,-2.0,170.0,0.07,0.0677,0.973
2014-11,5.0,171.0,0.07,0.0677,0.973
2014-11,-4.0,152.0,0.07,0.0623,0.933
2014-11,-3.0,152.0,0.07,0.0623,0.933
2014-11,0.0,156.0,0.07,0.0623,0.933
2014-11,-7.0,149.0,0.06,0.058,0.901
2014-11,3.0,156.0,0.06,0.0571,0.894
2014-11,-6.0,161.0,0.06,0.0521,0.854
2014-11,-4.0,162.0,0.06,0.0474,0.814
2014-11,-1.0,170.0,0.06,0.0474,0.814
2014-11,2.0,155.0,0.06,0.0429,0.775
2014-11,3.0,157.0,0.05,0.0386,0.735
2014-11,-1.0,172.0,0.05,0.038,0.729
2014-11,4.0,172.0,0.05,0.038,0.729
2014-11,1.0,148.0,0.05,0.0346,0.695
2014-11,0.0,141.0,0.05,0.0331,0.68
2014-11,-1.0,169.0,0.05,0.0307,0.656
2014-11,1.0,149.0,0.05,0.0307,0.656
2014-11,2.0,154.0,0.05,0.0307,0.656
2014-11,0.0,164.0,0.05,0.0297,0.645
2014-11,2.0,146.0,0.05,0.0297,0.645
2014-11,4.0,156.0,0.05,0.0297,0.645
2014-11,-1.0,171.0,0.04,0.0271,0.616
2014-11,3.0,171.0,0.04,0.0271,0.616
2014-11,8.0,136.0,0.04,0.026,0.603
2014-11,2.0,147.0,0.04,0.0259,0.602
2014-11,3.0,168.0,0.04,0.0237,0.576
2014-11,-6.0,162.0,0.04,0.0206,0.536
2014-11,-3.0,166.0,0.04,0.0206,0.536
2014-11,-2.0,171.0,0.04,0.0206,0.536
2014-11,0.0,167.0,0.04,0.0206,0.536
2014-11,6.0,157.0,0.04,0.0178,0.498
2014-11,1.0,156.0,0.04,0.0176,0.497
2014-11,3.0,155.0,0.04,0.0176,0.497
2014-11,-15.0,-165.0,0.03,0.0166,0.482
2014-11,4.0,138.0,0.03,0.0166,0.482
2014-11,-3.0,170.0,0.03,0.0161,0.475
2014-11,0.0,170.0,0.03,0.0134,0.433
2014-11,-1.0,165.0,0.03,0.0125,0.417
2014-11,2.0,152.0,0.03,0.0109,0.39
2014-11,-7.0,148.0,0.03,0.0096,0.366
2014-11,3.0,172.0,0.03,0.0093,0.361
2014-11,-4.0,163.0,0.02,0.0086,0.348
2014-11,5.0,158.0,0.02,0.0082,0.338
2014-11,-6.0,156.0,0.02,0.0071,0.315
2014-11,-5.0,162.0,0.02,0.0064,0.298
2014-11,2.0,157.0,0.02,0.0064,0.298
2014-11,8.0,172.0,0.02,0.0062,0.294
2014-11,2.0,141.0,0.02,0.0056,0.279
2014-11,7.0,167.0,0.02,0.0056,0.279
2014-11,1.0,141.0,0.02,0.0052,0.269
2014-11,2.0,151.0,0.02,0.0052,0.269
2014-11,-3.0,162.0,0.02,0.0049,0.263
2014-11,0.0,171.0,0.02,0.0049,0.263
2014-11,2.0,164.0,0.02,0.0049,0.263
2014-11,-6.0,157.0,0.02,0.0048,0.259
2014-11,-3.0,165.0,0.02,0.0048,0.259
2014-11,-2.0,172.0,0.02,0.0048,0.259
2014-11,1.0,166.0,0.02,0.0048,0.259
2014-11,2.0,167.0,0.02,0.0048,0.259
2014-11,2.0,139.0,0.02,0.0046,0.255
2014-11,-8.0,154.0,0.02,0.0036,0.224
2014-11,-3.0,176.0,0.02,0.0035,0.221
2014-11,-1.0,173.0,0.02,0.0035,0.221
2014-11,4.0,157.0,0.02,0.0035,0.221
2014-11,-6.0,160.0,0.02,0.0034,0.219
2014-11,-4.0,175.0,0.02,0.0034,0.219
2014-11,0.0,168.0,0.02,0.0034,0.219
2014-11,-7.0,161.0,0.01,0.0023,0.179
2014-11,-4.0,167.0,0.01,0.0023,0.178
2014-11,-3.0,175.0,0.01,0.0023,0.178
2014-11,1.0,165.0,0.01,0.0023,0.179
2014-11,1.0,172.0,0.01,0.0023,0.178
2014-11,2.0,169.0,0.01,0.0023,0.178
2014-11,6.0,158.0,0.01,0.0023,0.179
2014-11,-6.0,159.0,0.01,0.0014,0.139
2014-11,2.0,153.0,0.01,0.0014,0.139
2014-11,1.0,171.0,0.01,0.0013,0.136
2014-11,5.0,157.0,0.01,0.0013,0.136
2014-11,2.0,142.0,0.01,0.0012,0.132
2014-11,6.0,135.0,0.01,0.0012,0.129
2014-11,-16.0,172.0,0.01,0.0011,0.126
2014-11,7.0,135.0,0.01,0.0011,0.126
2014-11,8.0,157.0,0.01,0.0011,0.126
2014-11,2.0,166.0,0.01,0.0007,0.1
2014-11,4.0,158.0,0.01,0.0007,0.1
2014-11,2.0,170.0,0.01,0.0006,0.093
2014-11,-10.0,156.0,0.01,0.0005,0.086
2014-11,1.0,164.0,0.01,0.0005,0.086
2014-11,8.0,171.0,0.01,0.0005,0.086
2014-11,-10.0,154.0,0.0,0.0003,0.061
2014-11,4.0,168.0,0.0,0.0003,0.06
2014-11,-8.0,156.0,0.0,0.0002,0.051
2014-11,2.0,138.0,0.0,0.0002,0.05
2014-11,7.0,170.0,0.0,0.0002,0.051
2014-11,3.0,146.0,0.0,1e-04,0.029
2014-11,-4.0,176.0,0.0,0.0,0.02
2014-11,-3.0,174.0,0.0,0.0,0.02
2014-11,0.0,169.0,0.0,0.0,0.008
2014-11,3.0,153.0,0.0,0.0,0.02
2014-11,4.0,155.0,0.0,0.0,0.008
2014-11,5.0,172.0,0.0,0.0,0.02
2014-12,-5.0,149.0,0.8,8.8448,11.053
2014-12,-5.0,148.0,0.68,6.3962,9.399
2014-12,-3.0,149.0,0.65,5.8018,8.952
2014-12,-3.0,148.0,0.63,5.3975,8.634
2014-12,-2.0,145.0,0.58,4.7251,8.079
2014-12,-5.0,150.0,0.56,4.2758,7.685
2014-12,-2.0,146.0,0.55,4.2281,7.642
2014-12,-2.0,147.0,0.55,4.2281,7.642
2014-12,-3.0,150.0,0.53,3.9262,7.364
2014-12,-1.0,144.0,0.53,3.884,7.324
2014-12,-1.0,145.0,0.53,3.884,7.324
2014-12,-2.0,144.0,0.52,3.6763,7.126
2014-12,-4.0,148.0,0.51,3.5949,7.046
2014-12,-3.0,146.0,0.51,3.5949,7.046
2014-12,-1.0,143.0,0.5,3.4744,6.927
2014-12,-4.0,150.0,0.48,3.2013,6.649
2014-12,-3.0,147.0,0.48,3.2013,6.649
2014-12,-3.0,144.0,0.46,2.8984,6.327
2014-12,-4.0,149.0,0.44,2.7237,6.133
2014-12,-1.0,146.0,0.44,2.7237,6.133
2014-12,-5.0,147.0,0.43,2.5992,5.992
2014-12,-1.0,147.0,0.43,2.5502,5.935
2014-12,0.0,146.0,0.43,2.5502,5.935
2014-12,0.0,147.0,0.43,2.5502,5.935
2014-12,-4.0,146.0,0.43,2.5229,5.903
2014-12,-2.0,148.0,0.4,2.2525,5.578
2014-12,-3.0,145.0,0.4,2.2205,5.538
2014-12,-4.0,145.0,0.4,2.1803,5.488
2014-12,-3.0,143.0,0.38,2.0373,5.305
2014-12,0.0,145.0,0.38,2.0336,5.3
2014-12,-2.0,155.0,0.37,1.8842,5.101
2014-12,-2.0,154.0,0.36,1.826,5.022
2014-12,-3.0,156.0,0.36,1.7972,4.982
2014-12,0.0,148.0,0.36,1.7687,4.943
2014-12,-3.0,155.0,0.35,1.6845,4.824
2014-12,-2.0,149.0,0.35,1.6845,4.824
2014-12,-3.0,142.0,0.35,1.6496,4.773
2014-12,-4.0,147.0,0.34,1.6295,4.744
2014-12,-2.0,143.0,0.33,1.5223,4.585
2014-12,-3.0,157.0,0.33,1.47,4.506
2014-12,-4.0,144.0,0.33,1.4618,4.493
2014-12,-1.0,142.0,0.32,1.4442,4.466
2014-12,0.0,144.0,0.32,1.4187,4.427
2014-12,-1.0,149.0,0.31,1.3434,4.307
2014-12,-6.0,151.0,0.31,1.3335,4.292
2014-12,-2.0,156.0,0.31,1.2943,4.228
2014-12,0.0,149.0,0.31,1.2943,4.228
2014-12,-5.0,151.0,0.29,1.18,4.037
2014-12,-3.0,158.0,0.29,1.1526,3.99
2014-12,-1.0,151.0,0.29,1.1526,3.99
2014-12,-4.0,155.0,0.29,1.1298,3.95
2014-12,-1.0,150.0,0.28,1.0627,3.831
2014-12,-2.0,153.0,0.27,1.0408,3.791
2014-12,-1.0,152.0,0.27,1.0191,3.752
2014-12,-8.0,151.0,0.26,0.9575,3.637
2014-12,-3.0,159.0,0.26,0.9554,3.633
2014-12,1.0,144.0,0.26,0.9554,3.633
2014-12,-4.0,156.0,0.26,0.9347,3.593
2014-12,-1.0,153.0,0.26,0.9347,3.593
2014-12,-1.0,154.0,0.26,0.9347,3.593
2014-12,0.0,151.0,0.26,0.9141,3.553
2014-12,1.0,145.0,0.26,0.9141,3.553
2014-12,-5.0,146.0,0.26,0.9081,3.542
2014-12,0.0,150.0,0.25,0.8539,3.434
2014-12,-4.0,157.0,0.24,0.8148,3.355
2014-12,0.0,153.0,0.24,0.8148,3.355
2014-12,-1.0,155.0,0.24,0.7957,3.315
2014-12,0.0,152.0,0.24,0.7767,3.275
2014-12,-2.0,150.0,0.23,0.758,3.236
2014-12,-1.0,148.0,0.23,0.758,3.236
2014-12,0.0,143.0,0.23,0.758,3.236
2014-12,-7.0,151.0,0.23,0.7363,3.189
2014-12,-4.0,154.0,0.23,0.7033,3.117
2014-12,-7.0,153.0,0.22,0.6855,3.077
2014-12,-6.0,152.0,0.22,0.6679,3.037
2014-12,-3.0,154.0,0.22,0.6505,2.998
2014-12,1.0,146.0,0.22,0.6505,2.998
2014-12,-2.0,142.0,0.22,0.6416,2.977
2014-12,-2.0,157.0,0.21,0.6334,2.958
2014-12,-8.0,150.0,0.21,0.6197,2.926
2014-12,-6.0,153.0,0.21,0.5999,2.878
2014-12,-3.0,151.0,0.21,0.5834,2.839
2014-12,-7.0,152.0,0.2,0.5672,2.799
2014-12,-2.0,141.0,0.2,0.5506,2.758
2014-12,-5.0,152.0,0.19,0.5047,2.64
2014-12,-4.0,151.0,0.19,0.5047,2.64
2014-12,-3.0,160.0,0.19,0.5047,2.64
2014-12,-5.0,154.0,0.19,0.5037,2.638
2014-12,-1.0,156.0,0.18,0.4602,2.521
2014-12,1.0,143.0,0.18,0.4602,2.521
2014-12,0.0,154.0,0.18,0.4317,2.442
2014-12,-2.0,151.0,0.17,0.3906,2.323
2014-12,0.0,142.0,0.17,0.3906,2.323
2014-12,-1.0,141.0,0.17,0.3775,2.284
2014-12,1.0,151.0,0.16,0.3644,2.243
2014-12,-5.0,157.0,0.16,0.339,2.164
2014-12,0.0,155.0,0.16,0.339,2.164
2014-12,-6.0,154.0,0.16,0.3335,2.146
2014-12,-5.0,155.0,0.15,0.3281,2.129
2014-12,-3.0,153.0,0.15,0.3146,2.085
2014-12,-8.0,152.0,0.15,0.3142,2.083
2014-12,-2.0,158.0,0.15,0.3027,2.045
2014-12,-4.0,158.0,0.15,0.2911,2.005
2014-12,-4.0,159.0,0.14,0.2797,1.965
2014-12,-2.0,168.0,0.14,0.2797,1.965
2014-12,-1.0,159.0,0.14,0.2661,1.917
2014-12,-2.0,167.0,0.14,0.2576,1.886
2014-12,-1.0,158.0,0.14,0.2544,1.874
2014-12,-2.0,159.0,0.13,0.2468,1.846
2014-12,-2.0,166.0,0.13,0.2468,1.846
2014-12,-8.0,153.0,0.13,0.2413,1.826
2014-12,-1.0,157.0,0.13,0.2363,1.807
2014-12,2.0,145.0,0.13,0.2294,1.78
2014-12,1.0,147.0,0.13,0.2261,1.767
2014-12,1.0,150.0,0.13,0.216,1.727
2014-12,1.0,152.0,0.13,0.216,1.727
2014-12,-5.0,153.0,0.12,0.2062,1.688
2014-12,-2.0,152.0,0.12,0.1873,1.608
2014-12,1.0,154.0,0.12,0.1873,1.608
2014-12,-5.0,159.0,0.11,0.1781,1.569
2014-12,-4.0,153.0,0.11,0.1781,1.569
2014-12,-4.0,160.0,0.11,0.1781,1.569
2014-12,-5.0,160.0,0.11,0.1605,1.489
2014-12,1.0,153.0,0.11,0.1605,1.489
2014-12,3.0,170.0,0.11,0.1605,1.489
2014-12,5.0,169.0,0.11,0.1523,1.45
2014-12,-4.0,161.0,0.1,0.1439,1.41
2014-12,-2.0,169.0,0.1,0.1439,1.41
2014-12,0.0,166.0,0.1,0.1439,1.41
2014-12,-3.0,167.0,0.1,0.1435,1.408
2014-12,-2.0,160.0,0.1,0.1435,1.408
2014-12,-3.0,161.0,0.1,0.1359,1.37
2014-12,-1.0,167.0,0.1,0.1359,1.37
2014-12,0.0,165.0,0.1,0.1359,1.37
2014-12,-3.0,168.0,0.1,0.135,1.366
2014-12,6.0,171.0,0.1,0.135,1.366
2014-12,1.0,142.0,0.1,0.1281,1.33
2014-12,-5.0,156.0,0.1,0.1267,1.323
2014-12,5.0,170.0,0.1,0.1267,1.323
2014-12,-5.0,161.0,0.09,0.1206,1.291
2014-12,4.0,170.0,0.09,0.1206,1.291
2014-12,4.0,171.0,0.09,0.1133,1.251
2014-12,-1.0,160.0,0.09,0.1124,1.246
2014-12,-7.0,150.0,0.09,0.1098,1.231
2014-12,2.0,144.0,0.09,0.1098,1.231
2014-12,6.0,172.0,0.09,0.1097,1.231
2014-12,-1.0,166.0,0.09,0.1062,1.211
2014-12,6.0,170.0,0.09,0.1035,1.196
2014-12,3.0,169.0,0.08,0.0994,1.172
2014-12,-7.0,154.0,0.08,0.0939,1.139
2014-12,-3.0,169.0,0.08,0.0939,1.139
2014-12,-2.0,161.0,0.08,0.0939,1.139
2014-12,4.0,169.0,0.08,0.0928,1.132
2014-12,-1.0,168.0,0.08,0.0864,1.092
2014-12,1.0,155.0,0.08,0.0864,1.092
2014-12,-2.0,165.0,0.08,0.0802,1.052
2014-12,2.0,156.0,0.07,0.0743,1.013
2014-12,2.0,143.0,0.07,0.0727,1.002
2014-12,-5.0,158.0,0.07,0.0686,0.973
2014-12,-2.0,170.0,0.07,0.0686,0.973
2014-12,5.0,171.0,0.07,0.0686,0.973
2014-12,-4.0,152.0,0.07,0.0631,0.933
2014-12,-3.0,152.0,0.07,0.0631,0.933
2014-12,0.0,156.0,0.07,0.0631,0.933
2014-12,-7.0,149.0,0.07,0.0587,0.901
2014-12,3.0,156.0,0.06,0.0578,0.894
2014-12,-6.0,161.0,0.06,0.0528,0.854
2014-12,-4.0,162.0,0.06,0.048,0.814
2014-12,-1.0,170.0,0.06,0.048,0.814
2014-12,2.0,155.0,0.06,0.0434,0.775
2014-12,3.0,157.0,0.05,0.0391,0.735
2014-12,-1.0,172.0,0.05,0.0385,0.729
2014-12,4.0,172.0,0.05,0.0385,0.729
2014-12,1.0,148.0,0.05,0.035,0.695
2014-12,0.0,141.0,0.05,0.0335,0.68
2014-12,-1.0,169.0,0.05,0.0311,0.656
2014-12,1.0,149.0,0.05,0.0311,0.656
2014-12,2.0,154.0,0.05,0.0311,0.656
2014-12,0.0,164.0,0.05,0.0301,0.645
2014-12,2.0,146.0,0.05,0.0301,0.645
2014-12,4.0,156.0,0.05,0.0301,0.645
2014-12,-1.0,171.0,0.04,0.0275,0.616
2014-12,3.0,171.0,0.04,0.0275,0.616
2014-12,2.0,147.0,0.04,0.0263,0.602
2014-12,8.0,136.0,0.04,0.0263,0.603
2014-12,3.0,168.0,0.04,0.024,0.576
2014-12,-6.0,162.0,0.04,0.0208,0.536
2014-12,-3.0,166.0,0.04,0.0208,0.536
2014-12,-2.0,171.0,0.04,0.0208,0.536
2014-12,0.0,167.0,0.04,0.0208,0.536
2014-12,6.0,157.0,0.04,0.018,0.498
2014-12,1.0,156.0,0.04,0.0179,0.497
2014-12,3.0,155.0,0.04,0.0179,0.497
2014-12,-15.0,-165.0,0.03,0.0168,0.482
2014-12,4.0,138.0,0.03,0.0168,0.482
2014-12,-3.0,170.0,0.03,0.0163,0.475
2014-12,0.0,170.0,0.03,0.0135,0.433
2014-12,-1.0,165.0,0.03,0.0126,0.417
2014-12,2.0,152.0,0.03,0.011,0.39
2014-12,-7.0,148.0,0.03,0.0097,0.366
2014-12,3.0,172.0,0.03,0.0094,0.361
2014-12,-4.0,163.0,0.03,0.0088,0.348
2014-12,5.0,158.0,0.02,0.0083,0.338
2014-12,-6.0,156.0,0.02,0.0072,0.315
2014-12,-5.0,162.0,0.02,0.0064,0.298
2014-12,2.0,157.0,0.02,0.0064,0.298
2014-12,8.0,172.0,0.02,0.0063,0.294
2014-12,2.0,141.0,0.02,0.0056,0.279
2014-12,7.0,167.0,0.02,0.0056,0.279
2014-12,1.0,141.0,0.02,0.0053,0.269
2014-12,2.0,151.0,0.02,0.0053,0.269
2014-12,-3.0,162.0,0.02,0.005,0.263
2014-12,0.0,171.0,0.02,0.005,0.263
2014-12,2.0,164.0,0.02,0.005,0.263
2014-12,-6.0,157.0,0.02,0.0048,0.259
2014-12,-3.0,165.0,0.02,0.0048,0.259
2014-12,-2.0,172.0,0.02,0.0048,0.259
2014-12,1.0,166.0,0.02,0.0048,0.259
2014-12,2.0,167.0,0.02,0.0048,0.259
2014-12,2.0,139.0,0.02,0.0047,0.255
2014-12,-8.0,154.0,0.02,0.0036,0.224
2014-12,-6.0,160.0,0.02,0.0035,0.219
2014-12,-4.0,175.0,0.02,0.0035,0.219
2014-12,-3.0,176.0,0.02,0.0035,0.221
2014-12,-1.0,173.0,0.02,0.0035,0.221
2014-12,0.0,168.0,0.02,0.0035,0.219
2014-12,4.0,157.0,0.02,0.0035,0.221
2014-12,-7.0,161.0,0.01,0.0023,0.179
2014-12,-4.0,167.0,0.01,0.0023,0.178
2014-12,-3.0,175.0,0.01,0.0023,0.178
2014-12,1.0,165.0,0.01,0.0023,0.179
2014-12,1.0,172.0,0.01,0.0023,0.178
2014-12,2.0,169.0,0.01,0.0023,0.178
2014-12,6.0,158.0,0.01,0.0023,0.179
2014-12,-6.0,159.0,0.01,0.0014,0.139
2014-12,2.0,153.0,0.01,0.0014,0.139
2014-12,1.0,171.0,0.01,0.0013,0.136
2014-12,2.0,142.0,0.01,0.0013,0.132
2014-12,5.0,157.0,0.01,0.0013,0.136
2014-12,-16.0,172.0,0.01,0.0012,0.126
2014-12,6.0,135.0,0.01,0.0012,0.129
2014-12,7.0,135.0,0.01,0.0012,0.126
2014-12,8.0,157.0,0.01,0.0012,0.126
2014-12,2.0,166.0,0.01,0.0007,0.1
2014-12,4.0,158.0,0.01,0.0007,0.1
2014-12,2.0,170.0,0.01,0.0006,0.093
2014-12,-10.0,156.0,0.01,0.0005,0.086
2014-12,1.0,164.0,0.01,0.0005,0.086
2014-12,8.0,171.0,0.01,0.0005,0.086
2014-12,-10.0,154.0,0.0,0.0003,0.061
2014-12,4.0,168.0,0.0,0.0003,0.06
2014-12,-8.0,156.0,0.0,0.0002,0.051
2014-12,2.0,138.0,0.0,0.0002,0.05
2014-12,7.0,170.0,0.0,0.0002,0.051
2014-12,3.0,146.0,0.0,1e-04,0.029
2014-12,-4.0,176.0,0.0,0.0,0.02
2014-12,-3.0,174.0,0.0,0.0,0.02
2014-12,0.0,169.0,0.0,0.0,0.008
2014-12,3.0,153.0,0.0,0.0,0.02
2014-12,4.0,155.0,0.0,0.0,0.008
2014-12,5.0,172.0,0.0,0.0,0.02
2015-01,-5.0,149.0,0.8,8.8083,11.053
2015-01,-5.0,148.0,0.68,6.3698,9.399
2015-01,-3.0,149.0,0.65,5.7779,8.952
2015-01,-3.0,148.0,0.62,5.3753,8.634
2015-01,-2.0,145.0,0.58,4.7056,8.079
2015-01,-5.0,150.0,0.55,4.2582,7.685
2015-01,-2.0,146.0,0.55,4.2107,7.642
2015-01,-2.0,147.0,0.55,4.2107,7.642
2015-01,-3.0,150.0,0.53,3.91,7.364
2015-01,-1.0,144.0,0.53,3.868,7.324
2015-01,-1.0,145.0,0.53,3.868,7.324
2015-01,-2.0,144.0,0.51,3.6612,7.126
2015-01,-4.0,148.0,0.51,3.5801,7.046
2015-01,-3.0,146.0,0.51,3.5801,7.046
2015-01,-1.0,143.0,0.5,3.4601,6.927
2015-01,-4.0,150.0,0.48,3.1881,6.649
2015-01,-3.0,147.0,0.48,3.1881,6.649
2015-01,-3.0,144.0,0.46,2.8865,6.327
2015-01,-4.0,149.0,0.44,2.7125,6.133
2015-01,-1.0,146.0,0.44,2.7125,6.133
2015-01,-5.0,147.0,0.43,2.5885,5.992
2015-01,-1.0,147.0,0.43,2.5397,5.935
2015-01,0.0,146.0,0.43,2.5397,5.935
2015-01,0.0,147.0,0.43,2.5397,5.935
2015-01,-4.0,146.0,0.43,2.5125,5.903
2015-01,-2.0,148.0,0.4,2.2432,5.578
2015-01,-3.0,145.0,0.4,2.2114,5.538
2015-01,-4.0,145.0,0.4,2.1714,5.488
2015-01,-3.0,143.0,0.38,2.0289,5.305
2015-01,0.0,145.0,0.38,2.0253,5.3
2015-01,-2.0,155.0,0.37,1.8764,5.101
2015-01,-2.0,154.0,0.36,1.8185,5.022
2015-01,-3.0,156.0,0.36,1.7898,4.982
2015-01,0.0,148.0,0.36,1.7614,4.943
2015-01,-3.0,155.0,0.35,1.6776,4.824
2015-01,-2.0,149.0,0.35,1.6776,4.824
2015-01,-3.0,142.0,0.34,1.6428,4.773
2015-01,-4.0,147.0,0.34,1.6228,4.744
2015-01,-2.0,143.0,0.33,1.516,4.585
2015-01,-3.0,157.0,0.32,1.4639,4.506
2015-01,-4.0,144.0,0.32,1.4558,4.493
2015-01,-1.0,142.0,0.32,1.4383,4.466
2015-01,0.0,144.0,0.32,1.4128,4.427
2015-01,-1.0,149.0,0.31,1.3378,4.307
2015-01,-6.0,151.0,0.31,1.328,4.292
2015-01,-2.0,156.0,0.3,1.289,4.228
2015-01,0.0,149.0,0.3,1.289,4.228
2015-01,-5.0,151.0,0.29,1.1752,4.037
2015-01,-3.0,158.0,0.29,1.1478,3.99
2015-01,-1.0,151.0,0.29,1.1478,3.99
2015-01,-4.0,155.0,0.28,1.1251,3.95
2015-01,-1.0,150.0,0.28,1.0583,3.831
2015-01,-2.0,153.0,0.27,1.0365,3.791
2015-01,-1.0,152.0,0.27,1.0149,3.752
2015-01,-8.0,151.0,0.26,0.9535,3.637
2015-01,-3.0,159.0,0.26,0.9515,3.633
2015-01,1.0,144.0,0.26,0.9515,3.633
2015-01,-4.0,156.0,0.26,0.9308,3.593
2015-01,-1.0,153.0,0.26,0.9308,3.593
2015-01,-1.0,154.0,0.26,0.9308,3.593
2015-01,0.0,151.0,0.26,0.9104,3.553
2015-01,1.0,145.0,0.26,0.9104,3.553
2015-01,-5.0,146.0,0.26,0.9044,3.542
2015-01,0.0,150.0,0.25,0.8504,3.434
2015-01,-4.0,157.0,0.24,0.8115,3.355
2015-01,0.0,153.0,0.24,0.8115,3.355
2015-01,-1.0,155.0,0.24,0.7924,3.315
2015-01,0.0,152.0,0.24,0.7735,3.275
2015-01,-2.0,150.0,0.23,0.7549,3.236
2015-01,-1.0,148.0,0.23,0.7549,3.236
2015-01,0.0,143.0,0.23,0.7549,3.236
2015-01,-7.0,151.0,0.23,0.7333,3.189
2015-01,-4.0,154.0,0.22,0.7004,3.117
2015-01,-7.0,153.0,0.22,0.6826,3.077
2015-01,-6.0,152.0,0.22,0.6651,3.037
2015-01,-3.0,154.0,0.22,0.6479,2.998
2015-01,1.0,146.0,0.22,0.6479,2.998
2015-01,-2.0,142.0,0.21,0.639,2.977
2015-01,-2.0,157.0,0.21,0.6308,2.958
2015-01,-8.0,150.0,0.21,0.6172,2.926
2015-01,-6.0,153.0,0.21,0.5974,2.878
2015-01,-3.0,151.0,0.2,0.581,2.839
2015-01,-7.0,152.0,0.2,0.5649,2.799
2015-01,-2.0,141.0,0.2,0.5484,2.758
2015-01,-5.0,152.0,0.19,0.5026,2.64
2015-01,-4.0,151.0,0.19,0.5026,2.64
2015-01,-3.0,160.0,0.19,0.5026,2.64
2015-01,-5.0,154.0,0.19,0.5017,2.638
2015-01,-1.0,156.0,0.18,0.4583,2.521
2015-01,1.0,143.0,0.18,0.4583,2.521
2015-01,0.0,154.0,0.18,0.4299,2.442
2015-01,-2.0,151.0,0.17,0.389,2.323
2015-01,0.0,142.0,0.17,0.389,2.323
2015-01,-1.0,141.0,0.16,0.376,2.284
2015-01,1.0,151.0,0.16,0.3629,2.243
2015-01,-5.0,157.0,0.16,0.3376,2.164
2015-01,0.0,155.0,0.16,0.3376,2.164
2015-01,-6.0,154.0,0.15,0.3321,2.146
2015-01,-5.0,155.0,0.15,0.3268,2.129
2015-01,-3.0,153.0,0.15,0.3133,2.085
2015-01,-8.0,152.0,0.15,0.3129,2.083
2015-01,-2.0,158.0,0.15,0.3015,2.045
2015-01,-4.0,158.0,0.14,0.2899,2.005
2015-01,-4.0,159.0,0.14,0.2785,1.965
2015-01,-2.0,168.0,0.14,0.2785,1.965
2015-01,-1.0,159.0,0.14,0.265,1.917
2015-01,-2.0,167.0,0.14,0.2565,1.886
2015-01,-1.0,158.0,0.14,0.2533,1.874
2015-01,-2.0,159.0,0.13,0.2458,1.846
2015-01,-2.0,166.0,0.13,0.2458,1.846
2015-01,-8.0,153.0,0.13,0.2403,1.826
2015-01,-1.0,157.0,0.13,0.2354,1.807
2015-01,2.0,145.0,0.13,0.2284,1.78
2015-01,1.0,147.0,0.13,0.2251,1.767
2015-01,1.0,150.0,0.12,0.2151,1.727
2015-01,1.0,152.0,0.12,0.2151,1.727
2015-01,-5.0,153.0,0.12,0.2053,1.688
2015-01,-2.0,152.0,0.12,0.1865,1.608
2015-01,1.0,154.0,0.12,0.1865,1.608
2015-01,-5.0,159.0,0.11,0.1774,1.569
2015-01,-4.0,153.0,0.11,0.1774,1.569
2015-01,-4.0,160.0,0.11,0.1774,1.569
2015-01,-5.0,160.0,0.11,0.1599,1.489
2015-01,1.0,153.0,0.11,0.1599,1.489
2015-01,3.0,170.0,0.11,0.1599,1.489
2015-01,5.0,169.0,0.1,0.1517,1.45
2015-01,-4.0,161.0,0.1,0.1433,1.41
2015-01,-2.0,169.0,0.1,0.1433,1.41
2015-01,0.0,166.0,0.1,0.1433,1.41
2015-01,-3.0,167.0,0.1,0.1429,1.408
2015-01,-2.0,160.0,0.1,0.1429,1.408
2015-01,-3.0,161.0,0.1,0.1353,1.37
2015-01,-1.0,167.0,0.1,0.1353,1.37
2015-01,0.0,165.0,0.1,0.1353,1.37
2015-01,-3.0,168.0,0.1,0.1344,1.366
2015-01,6.0,171.0,0.1,0.1344,1.366
2015-01,1.0,142.0,0.1,0.1276,1.33
2015-01,-5.0,156.0,0.1,0.1262,1.323
2015-01,5.0,170.0,0.1,0.1262,1.323
2015-01,-5.0,161.0,0.09,0.1201,1.291
2015-01,4.0,170.0,0.09,0.1201,1.291
2015-01,4.0,171.0,0.09,0.1128,1.251
2015-01,-1.0,160.0,0.09,0.112,1.246
2015-01,-7.0,150.0,0.09,0.1093,1.231
2015-01,2.0,144.0,0.09,0.1093,1.231
2015-01,6.0,172.0,0.09,0.1092,1.231
2015-01,-1.0,166.0,0.09,0.1058,1.211
2015-01,6.0,170.0,0.09,0.1031,1.196
2015-01,3.0,169.0,0.08,0.099,1.172
2015-01,-7.0,154.0,0.08,0.0936,1.139
2015-01,-3.0,169.0,0.08,0.0936,1.139
2015-01,-2.0,161.0,0.08,0.0936,1.139
2015-01,4.0,169.0,0.08,0.0924,1.132
2015-01,-1.0,168.0,0.08,0.086,1.092
2015-01,1.0,155.0,0.08,0.086,1.092
2015-01,-2.0,165.0,0.08,0.0799,1.052
2015-01,2.0,156.0,0.07,0.074,1.013
2015-01,2.0,143.0,0.07,0.0724,1.002
2015-01,-5.0,158.0,0.07,0.0683,0.973
2015-01,-2.0,170.0,0.07,0.0683,0.973
2015-01,5.0,171.0,0.07,0.0683,0.973
2015-01,-4.0,152.0,0.07,0.0628,0.933
2015-01,-3.0,152.0,0.07,0.0628,0.933
2015-01,0.0,156.0,0.07,0.0628,0.933
2015-01,-7.0,149.0,0.06,0.0585,0.901
2015-01,3.0,156.0,0.06,0.0576,0.894
2015-01,-6.0,161.0,0.06,0.0526,0.854
2015-01,-4.0,162.0,0.06,0.0478,0.814
2015-01,-1.0,170.0,0.06,0.0478,0.814
2015-01,2.0,155.0,0.06,0.0433,0.775
2015-01,3.0,157.0,0.05,0.0389,0.735
2015-01,-1.0,172.0,0.05,0.0384,0.729
2015-01,4.0,172.0,0.05,0.0384,0.729
2015-01,1.0,148.0,0.05,0.0348,0.695
2015-01,0.0,141.0,0.05,0.0333,0.68
2015-01,-1.0,169.0,0.05,0.031,0.656
2015-01,1.0,149.0,0.05,0.031,0.656
2015-01,2.0,154.0,0.05,0.031,0.656
2015-01,0.0,164.0,0.05,0.03,0.645
2015-01,2.0,146.0,0.05,0.03,0.645
2015-01,4.0,156.0,0.05,0.03,0.645
2015-01,-1.0,171.0,0.04,0.0273,0.616
2015-01,3.0,171.0,0.04,0.0273,0.616
2015-01,8.0,136.0,0.04,0.0262,0.603
2015-01,2.0,147.0,0.04,0.0261,0.602
2015-01,3.0,168.0,0.04,0.0239,0.576
2015-01,-6.0,162.0,0.04,0.0207,0.536
2015-01,-3.0,166.0,0.04,0.0207,0.536
2015-01,-2.0,171.0,0.04,0.0207,0.536
2015-01,0.0,167.0,0.04,0.0207,0.536
2015-01,6.0,157.0,0.04,0.0179,0.498
2015-01,1.0,156.0,0.04,0.0178,0.497
2015-01,3.0,155.0,0.04,0.0178,0.497
2015-01,-15.0,-165.0,0.03,0.0168,0.482
2015-01,4.0,138.0,0.03,0.0168,0.482
2015-01,-3.0,170.0,0.03,0.0163,0.475
2015-01,0.0,170.0,0.03,0.0135,0.433
2015-01,-1.0,165.0,0.03,0.0126,0.417
2015-01,2.0,152.0,0.03,0.011,0.39
2015-01,-7.0,148.0,0.03,0.0097,0.366
2015-01,3.0,172.0,0.03,0.0094,0.361
2015-01,-4.0,163.0,0.03,0.0087,0.348
2015-01,5.0,158.0,0.02,0.0082,0.338
2015-01,-6.0,156.0,0.02,0.0072,0.315
2015-01,-5.0,162.0,0.02,0.0064,0.298
2015-01,2.0,157.0,0.02,0.0064,0.298
2015-01,8.0,172.0,0.02,0.0062,0.294
2015-01,2.0,141.0,0.02,0.0056,0.279
2015-01,7.0,167.0,0.02,0.0056,0.279
2015-01,1.0,141.0,0.02,0.0052,0.269
2015-01,2.0,151.0,0.02,0.0052,0.269
2015-01,-3.0,162.0,0.02,0.005,0.263
2015-01,0.0,171.0,0.02,0.005,0.263
2015-01,2.0,164.0,0.02,0.005,0.263
2015-01,-6.0,157.0,0.02,0.0048,0.259
2015-01,-3.0,165.0,0.02,0.0048,0.259
2015-01,-2.0,172.0,0.02,0.0048,0.259
2015-01,1.0,166.0,0.02,0.0048,0.259
2015-01,2.0,167.0,0.02,0.0048,0.259
2015-01,2.0,139.0,0.02,0.0047,0.255
2015-01,-8.0,154.0,0.02,0.0036,0.224
2015-01,-6.0,160.0,0.02,0.0035,0.219
2015-01,-4.0,175.0,0.02,0.0035,0.219
2015-01,-3.0,176.0,0.02,0.0035,0.221
2015-01,-1.0,173.0,0.02,0.0035,0.221
2015-01,0.0,168.0,0.02,0.0035,0.219
2015-01,4.0,157.0,0.02,0.0035,0.221
2015-01,-7.0,161.0,0.01,0.0023,0.179
2015-01,-4.0,167.0,0.01,0.0023,0.178
2015-01,-3.0,175.0,0.01,0.0023,0.178
2015-01,1.0,165.0,0.01,0.0023,0.179
2015-01,1.0,172.0,0.01,0.0023,0.178
2015-01,2.0,169.0,0.01,0.0023,0.178
2015-01,6.0,158.0,0.01,0.0023,0.179
2015-01,-6.0,159.0,0.01,0.0014,0.139
2015-01,2.0,153.0,0.01,0.0014,0.139
2015-01,1.0,171.0,0.01,0.0013,0.136
2015-01,2.0,142.0,0.01,0.0013,0.132
2015-01,5.0,157.0,0.01,0.0013,0.136
2015-01,-16.0,172.0,0.01,0.0012,0.126
2015-01,6.0,135.0,0.01,0.0012,0.129
2015-01,7.0,135.0,0.01,0.0012,0.126
2015-01,8.0,157.0,0.01,0.0012,0.126
2015-01,2.0,166.0,0.01,0.0007,0.1
2015-01,4.0,158.0,0.01,0.0007,0.1
2015-01,2.0,170.0,0.01,0.0006,0.093
2015-01,-10.0,156.0,0.01,0.0005,0.086
2015-01,1.0,164.0,0.01,0.0005,0.086
2015-01,8.0,171.0,0.01,0.0005,0.086
2015-01,-10.0,154.0,0.0,0.0003,0.061
2015-01,4.0,168.0,0.0,0.0003,0.06
2015-01,-8.0,156.0,0.0,0.0002,0.051
2015-01,2.0,138.0,0.0,0.0002,0.05
2015-01,7.0,170.0,0.0,0.0002,0.051
2015-01,3.0,146.0,0.0,1e-04,0.029
2015-01,-4.0,176.0,0.0,0.0,0.02
2015-01,-3.0,174.0,0.0,0.0,0.02
2015-01,0.0,169.0,0.0,0.0,0.008
2015-01,3.0,153.0,0.0,0.0,0.02
2015-01,4.0,155.0,0.0,0.0,0.008
2015-01,5.0,172.0,0.0,0.0,0.02
2015-02,-5.0,149.0,0.8,8.7948,11.053
2015-02,-5.0,148.0,0.68,6.36,9.399
2015-02,-3.0,149.0,0.64,5.769,8.952
2015-02,-3.0,148.0,0.62,5.367,8.634
2015-02,-2.0,145.0,0.58,4.6983,8.079
2015-02,-5.0,150.0,0.55,4.2516,7.685
2015-02,-2.0,146.0,0.55,4.2042,7.642
2015-02,-2.0,147.0,0.55,4.2042,7.642
2015-02,-3.0,150.0,0.53,3.904,7.364
2015-02,-1.0,144.0,0.53,3.862,7.324
2015-02,-1.0,145.0,0.53,3.862,7.324
2015-02,-2.0,144.0,0.51,3.6556,7.126
2015-02,-4.0,148.0,0.51,3.5746,7.046
2015-02,-3.0,146.0,0.51,3.5746,7.046
2015-02,-1.0,143.0,0.5,3.4548,6.927
2015-02,-4.0,150.0,0.48,3.1832,6.649
2015-02,-3.0,147.0,0.48,3.1832,6.649
2015-02,-3.0,144.0,0.46,2.882,6.327
2015-02,-4.0,149.0,0.44,2.7083,6.133
2015-02,-1.0,146.0,0.44,2.7083,6.133
2015-02,-5.0,147.0,0.43,2.5845,5.992
2015-02,-1.0,147.0,0.43,2.5358,5.935
2015-02,0.0,146.0,0.43,2.5358,5.935
2015-02,0.0,147.0,0.43,2.5358,5.935
2015-02,-4.0,146.0,0.42,2.5087,5.903
2015-02,-2.0,148.0,0.4,2.2397,5.578
2015-02,-3.0,145.0,0.4,2.208,5.538
2015-02,-4.0,145.0,0.4,2.168,5.488
2015-02,-3.0,143.0,0.38,2.0258,5.305
2015-02,0.0,145.0,0.38,2.0221,5.3
2015-02,-2.0,155.0,0.37,1.8735,5.101
2015-02,-2.0,154.0,0.36,1.8157,5.022
2015-02,-3.0,156.0,0.36,1.7871,4.982
2015-02,0.0,148.0,0.36,1.7587,4.943
2015-02,-3.0,155.0,0.35,1.675,4.824
2015-02,-2.0,149.0,0.35,1.675,4.824
2015-02,-3.0,142.0,0.34,1.6403,4.773
2015-02,-4.0,147.0,0.34,1.6203,4.744
2015-02,-2.0,143.0,0.33,1.5137,4.585
2015-02,-3.0,157.0,0.32,1.4617,4.506
2015-02,-4.0,144.0,0.32,1.4535,4.493
2015-02,-1.0,142.0,0.32,1.436,4.466
2015-02,0.0,144.0,0.32,1.4106,4.427
2015-02,-1.0,149.0,0.31,1.3358,4.307
2015-02,-6.0,151.0,0.31,1.3259,4.292
2015-02,-2.0,156.0,0.3,1.287,4.228
2015-02,0.0,149.0,0.3,1.287,4.228
2015-02,-5.0,151.0,0.29,1.1734,4.037
2015-02,-3.0,158.0,0.29,1.1461,3.99
2015-02,-1.0,151.0,0.29,1.1461,3.99
2015-02,-4.0,155.0,0.28,1.1234,3.95
2015-02,-1.0,150.0,0.28,1.0567,3.831
2015-02,-2.0,153.0,0.27,1.0349,3.791
2015-02,-1.0,152.0,0.27,1.0133,3.752
2015-02,-8.0,151.0,0.26,0.952,3.637
2015-02,-3.0,159.0,0.26,0.95,3.633
2015-02,1.0,144.0,0.26,0.95,3.633
2015-02,-4.0,156.0,0.26,0.9294,3.593
2015-02,-1.0,153.0,0.26,0.9294,3.593
2015-02,-1.0,154.0,0.26,0.9294,3.593
2015-02,0.0,151.0,0.26,0.9089,3.553
2015-02,1.0,145.0,0.26,0.9089,3.553
2015-02,-5.0,146.0,0.25,0.903,3.542
2015-02,0.0,150.0,0.25,0.849,3.434
2015-02,-4.0,157.0,0.24,0.8102,3.355
2015-02,0.0,153.0,0.24,0.8102,3.355
2015-02,-1.0,155.0,0.24,0.7912,3.315
2015-02,0.0,152.0,0.24,0.7723,3.275
2015-02,-2.0,150.0,0.23,0.7537,3.236
2015-02,-1.0,148.0,0.23,0.7537,3.236
2015-02,0.0,143.0,0.23,0.7537,3.236
2015-02,-7.0,151.0,0.23,0.7321,3.189
2015-02,-4.0,154.0,0.22,0.6993,3.117
2015-02,-7.0,153.0,0.22,0.6816,3.077
2015-02,-6.0,152.0,0.22,0.6641,3.037
2015-02,-3.0,154.0,0.22,0.6469,2.998
2015-02,1.0,146.0,0.22,0.6469,2.998
2015-02,-2.0,142.0,0.21,0.638,2.977
2015-02,-2.0,157.0,0.21,0.6298,2.958
2015-02,-8.0,150.0,0.21,0.6162,2.926
2015-02,-6.0,153.0,0.21,0.5965,2.878
2015-02,-3.0,151.0,0.2,0.5801,2.839
2015-02,-7.0,152.0,0.2,0.564,2.799
2015-02,-2.0,141.0,0.2,0.5475,2.758
2015-02,-5.0,152.0,0.19,0.5019,2.64
2015-02,-4.0,151.0,0.19,0.5019,2.64
2015-02,-3.0,160.0,0.19,0.5019,2.64
2015-02,-5.0,154.0,0.19,0.5009,2.638
2015-02,-1.0,156.0,0.18,0.4576,2.521
2015-02,1.0,143.0,0.18,0.4576,2.521
2015-02,0.0,154.0,0.18,0.4292,2.442
2015-02,-2.0,151.0,0.17,0.3884,2.323
2015-02,0.0,142.0,0.17,0.3884,2.323
2015-02,-1.0,141.0,0.16,0.3754,2.284
2015-02,1.0,151.0,0.16,0.3623,2.243
2015-02,-5.0,157.0,0.16,0.3371,2.164
2015-02,0.0,155.0,0.16,0.3371,2.164
2015-02,-6.0,154.0,0.15,0.3316,2.146
2015-02,-5.0,155.0,0.15,0.3263,2.129
2015-02,-3.0,153.0,0.15,0.3128,2.085
2015-02,-8.0,152.0,0.15,0.3124,2.083
2015-02,-2.0,158.0,0.15,0.301,2.045
2015-02,-4.0,158.0,0.14,0.2895,2.005
2015-02,-4.0,159.0,0.14,0.2781,1.965
2015-02,-2.0,168.0,0.14,0.2781,1.965
2015-02,-1.0,159.0,0.14,0.2646,1.917
2015-02,-2.0,167.0,0.14,0.2561,1.886
2015-02,-1.0,158.0,0.13,0.2529,1.874
2015-02,-2.0,159.0,0.13,0.2454,1.846
2015-02,-2.0,166.0,0.13,0.2454,1.846
2015-02,-8.0,153.0,0.13,0.24,1.826
2015-02,-1.0,157.0,0.13,0.235,1.807
2015-02,2.0,145.0,0.13,0.2281,1.78
2015-02,1.0,147.0,0.13,0.2248,1.767
2015-02,1.0,150.0,0.12,0.2148,1.727
2015-02,1.0,152.0,0.12,0.2148,1.727
2015-02,-5.0,153.0,0.12,0.205,1.688
2015-02,-2.0,152.0,0.12,0.1862,1.608
2015-02,1.0,154.0,0.12,0.1862,1.608
2015-02,-5.0,159.0,0.11,0.1771,1.569
2015-02,-4.0,153.0,0.11,0.1771,1.569
2015-02,-4.0,160.0,0.11,0.1771,1.569
2015-02,-5.0,160.0,0.11,0.1596,1.489
2015-02,1.0,153.0,0.11,0.1596,1.489
2015-02,3.0,170.0,0.11,0.1596,1.489
2015-02,5.0,169.0,0.1,0.1514,1.45
2015-02,-4.0,161.0,0.1,0.1431,1.41
2015-02,-2.0,169.0,0.1,0.1431,1.41
2015-02,0.0,166.0,0.1,0.1431,1.41
2015-02,-3.0,167.0,0.1,0.1427,1.408
2015-02,-2.0,160.0,0.1,0.1427,1.408
2015-02,-3.0,161.0,0.1,0.1351,1.37
2015-02,-1.0,167.0,0.1,0.1351,1.37
2015-02,0.0,165.0,0.1,0.1351,1.37
2015-02,-3.0,168.0,0.1,0.1342,1.366
2015-02,6.0,171.0,0.1,0.1342,1.366
2015-02,1.0,142.0,0.1,0.1274,1.33
2015-02,-5.0,156.0,0.1,0.126,1.323
2015-02,5.0,170.0,0.1,0.126,1.323
2015-02,-5.0,161.0,0.09,0.1199,1.291
2015-02,4.0,170.0,0.09,0.1199,1.291
2015-02,4.0,171.0,0.09,0.1127,1.251
2015-02,-1.0,160.0,0.09,0.1118,1.246
2015-02,-7.0,150.0,0.09,0.1091,1.231
2015-02,2.0,144.0,0.09,0.1091,1.231
2015-02,6.0,172.0,0.09,0.109,1.231
2015-02,-1.0,166.0,0.09,0.1056,1.211
2015-02,6.0,170.0,0.09,0.103,1.196
2015-02,3.0,169.0,0.08,0.0988,1.172
2015-02,-7.0,154.0,0.08,0.0934,1.139
2015-02,-3.0,169.0,0.08,0.0934,1.139
2015-02,-2.0,161.0,0.08,0.0934,1.139
2015-02,4.0,169.0,0.08,0.0922,1.132
2015-02,-1.0,168.0,0.08,0.0859,1.092
2015-02,1.0,155.0,0.08,0.0859,1.092
2015-02,-2.0,165.0,0.08,0.0797,1.052
2015-02,2.0,156.0,0.07,0.0738,1.013
2015-02,2.0,143.0,0.07,0.0723,1.002
2015-02,-5.0,158.0,0.07,0.0682,0.973
2015-02,-2.0,170.0,0.07,0.0682,0.973
2015-02,5.0,171.0,0.07,0.0682,0.973
2015-02,-4.0,152.0,0.07,0.0627,0.933
2015-02,-3.0,152.0,0.07,0.0627,0.933
2015-02,0.0,156.0,0.07,0.0627,0.933
2015-02,-7.0,149.0,0.06,0.0584,0.901
2015-02,3.0,156.0,0.06,0.0575,0.894
2015-02,-6.0,161.0,0.06,0.0525,0.854
2015-02,-4.0,162.0,0.06,0.0477,0.814
2015-02,-1.0,170.0,0.06,0.0477,0.814
2015-02,2.0,155.0,0.06,0.0432,0.775
2015-02,3.0,157.0,0.05,0.0389,0.735
2015-02,-1.0,172.0,0.05,0.0383,0.729
2015-02,4.0,172.0,0.05,0.0383,0.729
2015-02,1.0,148.0,0.05,0.0348,0.695
2015-02,0.0,141.0,0.05,0.0333,0.68
2015-02,-1.0,169.0,0.05,0.0309,0.656
2015-02,1.0,149.0,0.05,0.0309,0.656
2015-02,2.0,154.0,0.05,0.0309,0.656
2015-02,0.0,164.0,0.05,0.0299,0.645
2015-02,2.0,146.0,0.05,0.0299,0.645
2015-02,4.0,156.0,0.05,0.0299,0.645
2015-02,-1.0,171.0,0.04,0.0273,0.616
2015-02,3.0,171.0,0.04,0.0273,0.616
2015-02,8.0,136.0,0.04,0.0262,0.603
2015-02,2.0,147.0,0.04,0.0261,0.602
2015-02,3.0,168.0,0.04,0.0239,0.576
2015-02,-6.0,162.0,0.04,0.0207,0.536
2015-02,-3.0,166.0,0.04,0.0207,0.536
2015-02,-2.0,171.0,0.04,0.0207,0.536
2015-02,0.0,167.0,0.04,0.0207,0.536
2015-02,6.0,157.0,0.04,0.0179,0.498
2015-02,1.0,156.0,0.04,0.0178,0.497
2015-02,3.0,155.0,0.04,0.0178,0.497
2015-02,-15.0,-165.0,0.03,0.0167,0.482
2015-02,4.0,138.0,0.03,0.0167,0.482
2015-02,-3.0,170.0,0.03,0.0162,0.475
2015-02,0.0,170.0,0.03,0.0135,0.433
2015-02,-1.0,165.0,0.03,0.0125,0.417
2015-02,2.0,152.0,0.03,0.011,0.39
2015-02,-7.0,148.0,0.03,0.0096,0.366
2015-02,3.0,172.0,0.03,0.0094,0.361
2015-02,-4.0,163.0,0.03,0.0087,0.348
2015-02,5.0,158.0,0.02,0.0082,0.338
2015-02,-6.0,156.0,0.02,0.0072,0.315
2015-02,-5.0,162.0,0.02,0.0064,0.298
2015-02,2.0,157.0,0.02,0.0064,0.298
2015-02,8.0,172.0,0.02,0.0062,0.294
2015-02,2.0,141.0,0.02,0.0056,0.279
2015-02,7.0,167.0,0.02,0.0056,0.279
2015-02,1.0,141.0,0.02,0.0052,0.269
2015-02,2.0,151.0,0.02,0.0052,0.269
2015-02,-3.0,162.0,0.02,0.005,0.263
2015-02,0.0,171.0,0.02,0.005,0.263
2015-02,2.0,164.0,0.02,0.005,0.263
2015-02,-6.0,157.0,0.02,0.0048,0.259
2015-02,-3.0,165.0,0.02,0.0048,0.259
2015-02,-2.0,172.0,0.02,0.0048,0.259
2015-02,1.0,166.0,0.02,0.0048,0.259
2015-02,2.0,167.0,0.02,0.0048,0.259
2015-02,2.0,139.0,0.02,0.0047,0.255
2015-02,-8.0,154.0,0.02,0.0036,0.224
2015-02,-3.0,176.0,0.02,0.0035,0.221
2015-02,-1.0,173.0,0.02,0.0035,0.221
2015-02,4.0,157.0,0.02,0.0035,0.221
2015-02,-6.0,160.0,0.02,0.0034,0.219
2015-02,-4.0,175.0,0.02,0.0034,0.219
2015-02,0.0,168.0,0.02,0.0034,0.219
2015-02,-7.0,161.0,0.01,0.0023,0.179
2015-02,-4.0,167.0,0.01,0.0023,0.178
2015-02,-3.0,175.0,0.01,0.0023,0.178
2015-02,1.0,165.0,0.01,0.0023,0.179
2015-02,1.0,172.0,0.01,0.0023,0.178
2015-02,2.0,169.0,0.01,0.0023,0.178
2015-02,6.0,158.0,0.01,0.0023,0.179
2015-02,-6.0,159.0,0.01,0.0014,0.139
2015-02,2.0,153.0,0.01,0.0014,0.139
2015-02,1.0,171.0,0.01,0.0013,0.136
2015-02,2.0,142.0,0.01,0.0013,0.132
2015-02,5.0,157.0,0.01,0.0013,0.136
2015-02,6.0,135.0,0.01,0.0012,0.129
2015-02,-16.0,172.0,0.01,0.0011,0.126
2015-02,7.0,135.0,0.01,0.0011,0.126
2015-02,8.0,157.0,0.01,0.0011,0.126
2015-02,2.0,166.0,0.01,0.0007,0.1
2015-02,4.0,158.0,0.01,0.0007,0.1
2015-02,2.0,170.0,0.01,0.0006,0.093
2015-02,-10.0,156.0,0.01,0.0005,0.086
2015-02,1.0,164.0,0.01,0.0005,0.086
2015-02,8.0,171.0,0.01,0.0005,0.086
2015-02,-10.0,154.0,0.0,0.0003,0.061
2015-02,4.0,168.0,0.0,0.0003,0.06
2015-02,-8.0,156.0,0.0,0.0002,0.051
2015-02,2.0,138.0,0.0,0.0002,0.05
2015-02,7.0,170.0,0.0,0.0002,0.051
2015-02,3.0,146.0,0.0,1e-04,0.029
2015-02,-4.0,176.0,0.0,0.0,0.02
2015-02,-3.0,174.0,0.0,0.0,0.02
2015-02,0.0,169.0,0.0,0.0,0.008
2015-02,3.0,153.0,0.0,0.0,0.02
2015-02,4.0,155.0,0.0,0.0,0.008
2015-02,5.0,172.0,0.0,0.0,0.02
2015-03,-5.0,149.0,0.78,8.6189,11.053
2015-03,-5.0,148.0,0.66,6.2328,9.399
2015-03,-3.0,149.0,0.63,5.6537,8.952
2015-03,-3.0,148.0,0.61,5.2596,8.634
2015-03,-2.0,145.0,0.57,4.6044,8.079
2015-03,-5.0,150.0,0.54,4.1666,7.685
2015-03,-2.0,146.0,0.54,4.1201,7.642
2015-03,-2.0,147.0,0.54,4.1201,7.642
2015-03,-3.0,150.0,0.52,3.8259,7.364
2015-03,-1.0,144.0,0.52,3.7848,7.324
2015-03,-1.0,145.0,0.52,3.7848,7.324
2015-03,-2.0,144.0,0.5,3.5824,7.126
2015-03,-4.0,148.0,0.5,3.5031,7.046
2015-03,-3.0,146.0,0.5,3.5031,7.046
2015-03,-1.0,143.0,0.49,3.3857,6.927
2015-03,-4.0,150.0,0.47,3.1195,6.649
2015-03,-3.0,147.0,0.47,3.1195,6.649
2015-03,-3.0,144.0,0.45,2.8244,6.327
2015-03,-4.0,149.0,0.43,2.6541,6.133
2015-03,-1.0,146.0,0.43,2.6541,6.133
2015-03,-5.0,147.0,0.42,2.5328,5.992
2015-03,-1.0,147.0,0.42,2.4851,5.935
2015-03,0.0,146.0,0.42,2.4851,5.935
2015-03,0.0,147.0,0.42,2.4851,5.935
2015-03,-4.0,146.0,0.42,2.4585,5.903
2015-03,-2.0,148.0,0.39,2.1949,5.578
2015-03,-3.0,145.0,0.39,2.1638,5.538
2015-03,-4.0,145.0,0.39,2.1246,5.488
2015-03,-3.0,143.0,0.37,1.9852,5.305
2015-03,0.0,145.0,0.37,1.9817,5.3
2015-03,-2.0,155.0,0.36,1.836,5.101
2015-03,-2.0,154.0,0.35,1.7793,5.022
2015-03,-3.0,156.0,0.35,1.7513,4.982
2015-03,0.0,148.0,0.35,1.7235,4.943
2015-03,-3.0,155.0,0.34,1.6415,4.824
2015-03,-2.0,149.0,0.34,1.6415,4.824
2015-03,-3.0,142.0,0.34,1.6075,4.773
2015-03,-4.0,147.0,0.33,1.5879,4.744
2015-03,-2.0,143.0,0.32,1.4834,4.585
2015-03,-3.0,157.0,0.32,1.4325,4.506
2015-03,-4.0,144.0,0.32,1.4244,4.493
2015-03,-1.0,142.0,0.32,1.4073,4.466
2015-03,0.0,144.0,0.31,1.3824,4.427
2015-03,-1.0,149.0,0.3,1.309,4.307
2015-03,-6.0,151.0,0.3,1.2994,4.292
2015-03,-2.0,156.0,0.3,1.2612,4.228
2015-03,0.0,149.0,0.3,1.2612,4.228
2015-03,-5.0,151.0,0.28,1.1499,4.037
2015-03,-3.0,158.0,0.28,1.1231,3.99
2015-03,-1.0,151.0,0.28,1.1231,3.99
2015-03,-4.0,155.0,0.28,1.1009,3.95
2015-03,-1.0,150.0,0.27,1.0355,3.831
2015-03,-2.0,153.0,0.27,1.0142,3.791
2015-03,-1.0,152.0,0.26,0.9931,3.752
2015-03,-8.0,151.0,0.26,0.933,3.637
2015-03,-3.0,159.0,0.26,0.931,3.633
2015-03,1.0,144.0,0.26,0.931,3.633
2015-03,-4.0,156.0,0.25,0.9108,3.593
2015-03,-1.0,153.0,0.25,0.9108,3.593
2015-03,-1.0,154.0,0.25,0.9108,3.593
2015-03,0.0,151.0,0.25,0.8908,3.553
2015-03,1.0,145.0,0.25,0.8908,3.553
2015-03,-5.0,146.0,0.25,0.8849,3.542
2015-03,0.0,150.0,0.24,0.8321,3.434
2015-03,-4.0,157.0,0.24,0.794,3.355
2015-03,0.0,153.0,0.24,0.794,3.355
2015-03,-1.0,155.0,0.23,0.7754,3.315
2015-03,0.0,152.0,0.23,0.7569,3.275
2015-03,-2.0,150.0,0.23,0.7387,3.236
2015-03,-1.0,148.0,0.23,0.7387,3.236
2015-03,0.0,143.0,0.23,0.7387,3.236
2015-03,-7.0,151.0,0.22,0.7175,3.189
2015-03,-4.0,154.0,0.22,0.6853,3.117
2015-03,-7.0,153.0,0.22,0.6679,3.077
2015-03,-6.0,152.0,0.21,0.6508,3.037
2015-03,-3.0,154.0,0.21,0.6339,2.998
2015-03,1.0,146.0,0.21,0.6339,2.998
2015-03,-2.0,142.0,0.21,0.6253,2.977
2015-03,-2.0,157.0,0.21,0.6172,2.958
2015-03,-8.0,150.0,0.21,0.6039,2.926
2015-03,-6.0,153.0,0.2,0.5846,2.878
2015-03,-3.0,151.0,0.2,0.5685,2.839
2015-03,-7.0,152.0,0.2,0.5528,2.799
2015-03,-2.0,141.0,0.19,0.5366,2.758
2015-03,-5.0,152.0,0.19,0.4918,2.64
2015-03,-4.0,151.0,0.19,0.4918,2.64
2015-03,-3.0,160.0,0.19,0.4918,2.64
2015-03,-5.0,154.0,0.19,0.4909,2.638
2015-03,-1.0,156.0,0.18,0.4485,2.521
2015-03,1.0,143.0,0.18,0.4485,2.521
2015-03,0.0,154.0,0.17,0.4207,2.442
2015-03,-2.0,151.0,0.16,0.3806,2.323
2015-03,0.0,142.0,0.16,0.3806,2.323
2015-03,-1.0,141.0,0.16,0.3679,2.284
2015-03,1.0,151.0,0.16,0.3551,2.243
2015-03,-5.0,157.0,0.15,0.3304,2.164
2015-03,0.0,155.0,0.15,0.3304,2.164
2015-03,-6.0,154.0,0.15,0.325,2.146
2015-03,-5.0,155.0,0.15,0.3197,2.129
2015-03,-3.0,153.0,0.15,0.3066,2.085
2015-03,-8.0,152.0,0.15,0.3062,2.083
2015-03,-2.0,158.0,0.14,0.295,2.045
2015-03,-4.0,158.0,0.14,0.2837,2.005
2015-03,-4.0,159.0,0.14,0.2725,1.965
2015-03,-2.0,168.0,0.14,0.2725,1.965
2015-03,-1.0,159.0,0.14,0.2593,1.917
2015-03,-2.0,167.0,0.13,0.251,1.886
2015-03,-1.0,158.0,0.13,0.2479,1.874
2015-03,-2.0,159.0,0.13,0.2405,1.846
2015-03,-2.0,166.0,0.13,0.2405,1.846
2015-03,-8.0,153.0,0.13,0.2352,1.826
2015-03,-1.0,157.0,0.13,0.2303,1.807
2015-03,2.0,145.0,0.13,0.2235,1.78
2015-03,1.0,147.0,0.12,0.2203,1.767
2015-03,1.0,150.0,0.12,0.2105,1.727
2015-03,1.0,152.0,0.12,0.2105,1.727
2015-03,-5.0,153.0,0.12,0.2009,1.688
2015-03,-2.0,152.0,0.11,0.1825,1.608
2015-03,1.0,154.0,0.11,0.1825,1.608
2015-03,-5.0,159.0,0.11,0.1736,1.569
2015-03,-4.0,153.0,0.11,0.1736,1.569
2015-03,-4.0,160.0,0.11,0.1736,1.569
2015-03,-5.0,160.0,0.11,0.1564,1.489
2015-03,1.0,153.0,0.11,0.1564,1.489
2015-03,3.0,170.0,0.11,0.1564,1.489
2015-03,5.0,169.0,0.1,0.1484,1.45
2015-03,-4.0,161.0,0.1,0.1402,1.41
2015-03,-2.0,169.0,0.1,0.1402,1.41
2015-03,0.0,166.0,0.1,0.1402,1.41
2015-03,-3.0,167.0,0.1,0.1398,1.408
2015-03,-2.0,160.0,0.1,0.1398,1.408
2015-03,-3.0,161.0,0.1,0.1324,1.37
2015-03,-1.0,167.0,0.1,0.1324,1.37
2015-03,0.0,165.0,0.1,0.1324,1.37
2015-03,-3.0,168.0,0.1,0.1316,1.366
2015-03,6.0,171.0,0.1,0.1316,1.366
2015-03,1.0,142.0,0.09,0.1249,1.33
2015-03,-5.0,156.0,0.09,0.1235,1.323
2015-03,5.0,170.0,0.09,0.1235,1.323
2015-03,-5.0,161.0,0.09,0.1175,1.291
2015-03,4.0,170.0,0.09,0.1175,1.291
2015-03,4.0,171.0,0.09,0.1104,1.251
2015-03,-1.0,160.0,0.09,0.1096,1.246
2015-03,-7.0,150.0,0.09,0.107,1.231
2015-03,2.0,144.0,0.09,0.107,1.231
2015-03,6.0,172.0,0.09,0.1069,1.231
2015-03,-1.0,166.0,0.09,0.1035,1.211
2015-03,6.0,170.0,0.08,0.1009,1.196
2015-03,3.0,169.0,0.08,0.0968,1.172
2015-03,-7.0,154.0,0.08,0.0915,1.139
2015-03,-3.0,169.0,0.08,0.0915,1.139
2015-03,-2.0,161.0,0.08,0.0915,1.139
2015-03,4.0,169.0,0.08,0.0904,1.132
2015-03,-1.0,168.0,0.08,0.0842,1.092
2015-03,1.0,155.0,0.08,0.0842,1.092
2015-03,-2.0,165.0,0.07,0.0782,1.052
2015-03,2.0,156.0,0.07,0.0724,1.013
2015-03,2.0,143.0,0.07,0.0708,1.002
2015-03,-5.0,158.0,0.07,0.0668,0.973
2015-03,-2.0,170.0,0.07,0.0668,0.973
2015-03,5.0,171.0,0.07,0.0668,0.973
2015-03,-4.0,152.0,0.07,0.0615,0.933
2015-03,-3.0,152.0,0.07,0.0615,0.933
2015-03,0.0,156.0,0.07,0.0615,0.933
2015-03,-7.0,149.0,0.06,0.0572,0.901
2015-03,3.0,156.0,0.06,0.0563,0.894
2015-03,-6.0,161.0,0.06,0.0515,0.854
2015-03,-4.0,162.0,0.06,0.0468,0.814
2015-03,-1.0,170.0,0.06,0.0468,0.814
2015-03,2.0,155.0,0.05,0.0423,0.775
2015-03,3.0,157.0,0.05,0.0381,0.735
2015-03,-1.0,172.0,0.05,0.0375,0.729
2015-03,4.0,172.0,0.05,0.0375,0.729
2015-03,1.0,148.0,0.05,0.0341,0.695
2015-03,0.0,141.0,0.05,0.0326,0.68
2015-03,-1.0,169.0,0.05,0.0303,0.656
2015-03,1.0,149.0,0.05,0.0303,0.656
2015-03,2.0,154.0,0.05,0.0303,0.656
2015-03,0.0,164.0,0.05,0.0293,0.645
2015-03,2.0,146.0,0.05,0.0293,0.645
2015-03,4.0,156.0,0.05,0.0293,0.645
2015-03,-1.0,171.0,0.04,0.0268,0.616
2015-03,3.0,171.0,0.04,0.0268,0.616
2015-03,8.0,136.0,0.04,0.0257,0.603
2015-03,2.0,147.0,0.04,0.0256,0.602
2015-03,3.0,168.0,0.04,0.0234,0.576
2015-03,-6.0,162.0,0.04,0.0203,0.536
2015-03,-3.0,166.0,0.04,0.0203,0.536
2015-03,-2.0,171.0,0.04,0.0203,0.536
2015-03,0.0,167.0,0.04,0.0203,0.536
2015-03,6.0,157.0,0.04,0.0175,0.498
2015-03,1.0,156.0,0.04,0.0174,0.497
2015-03,3.0,155.0,0.04,0.0174,0.497
2015-03,-15.0,-165.0,0.03,0.0164,0.482
2015-03,4.0,138.0,0.03,0.0164,0.482
2015-03,-3.0,170.0,0.03,0.0159,0.475
2015-03,0.0,170.0,0.03,0.0132,0.433
2015-03,-1.0,165.0,0.03,0.0123,0.417
2015-03,2.0,152.0,0.03,0.0107,0.39
2015-03,-7.0,148.0,0.03,0.0094,0.366
2015-03,3.0,172.0,0.03,0.0092,0.361
2015-03,-4.0,163.0,0.02,0.0085,0.348
2015-03,5.0,158.0,0.02,0.0081,0.338
2015-03,-6.0,156.0,0.02,0.007,0.315
2015-03,-5.0,162.0,0.02,0.0063,0.298
2015-03,2.0,157.0,0.02,0.0063,0.298
2015-03,8.0,172.0,0.02,0.0061,0.294
2015-03,2.0,141.0,0.02,0.0055,0.279
2015-03,7.0,167.0,0.02,0.0055,0.279
2015-03,1.0,141.0,0.02,0.0051,0.269
2015-03,2.0,151.0,0.02,0.0051,0.269
2015-03,-3.0,162.0,0.02,0.0049,0.263
2015-03,0.0,171.0,0.02,0.0049,0.263
2015-03,2.0,164.0,0.02,0.0049,0.263
2015-03,-6.0,157.0,0.02,0.0047,0.259
2015-03,-3.0,165.0,0.02,0.0047,0.259
2015-03,-2.0,172.0,0.02,0.0047,0.259
2015-03,1.0,166.0,0.02,0.0047,0.259
2015-03,2.0,167.0,0.02,0.0047,0.259
2015-03,2.0,139.0,0.02,0.0046,0.255
2015-03,-8.0,154.0,0.02,0.0035,0.224
2015-03,-6.0,160.0,0.02,0.0034,0.219
2015-03,-4.0,175.0,0.02,0.0034,0.219
2015-03,-3.0,176.0,0.02,0.0034,0.221
2015-03,-1.0,173.0,0.02,0.0034,0.221
2015-03,0.0,168.0,0.02,0.0034,0.219
2015-03,4.0,157.0,0.02,0.0034,0.221
2015-03,-7.0,161.0,0.01,0.0023,0.179
2015-03,1.0,165.0,0.01,0.0023,0.179
2015-03,6.0,158.0,0.01,0.0023,0.179
2015-03,-4.0,167.0,0.01,0.0022,0.178
2015-03,-3.0,175.0,0.01,0.0022,0.178
2015-03,1.0,172.0,0.01,0.0022,0.178
2015-03,2.0,169.0,0.01,0.0022,0.178
2015-03,-6.0,159.0,0.01,0.0014,0.139
2015-03,2.0,153.0,0.01,0.0014,0.139
2015-03,1.0,171.0,0.01,0.0013,0.136
2015-03,5.0,157.0,0.01,0.0013,0.136
2015-03,2.0,142.0,0.01,0.0012,0.132
2015-03,6.0,135.0,0.01,0.0012,0.129
2015-03,-16.0,172.0,0.01,0.0011,0.126
2015-03,7.0,135.0,0.01,0.0011,0.126
2015-03,8.0,157.0,0.01,0.0011,0.126
2015-03,2.0,166.0,0.01,0.0007,0.1
2015-03,4.0,158.0,0.01,0.0007,0.1
2015-03,2.0,170.0,0.01,0.0006,0.093
2015-03,-10.0,156.0,0.01,0.0005,0.086
2015-03,1.0,164.0,0.01,0.0005,0.086
2015-03,8.0,171.0,0.01,0.0005,0.086
2015-03,-10.0,154.0,0.0,0.0003,0.061
2015-03,4.0,168.0,0.0,0.0003,0.06
2015-03,-8.0,156.0,0.0,0.0002,0.051
2015-03,2.0,138.0,0.0,0.0002,0.05
2015-03,7.0,170.0,0.0,0.0002,0.051
2015-03,3.0,146.0,0.0,1e-04,0.029
2015-03,-4.0,176.0,0.0,0.0,0.02
2015-03,-3.0,174.0,0.0,0.0,0.02
2015-03,0.0,169.0,0.0,0.0,0.008
2015-03,3.0,153.0,0.0,0.0,0.02
2015-03,4.0,155.0,0.0,0.0,0.008
2015-03,5.0,172.0,0.0,0.0,0.02
2015-04,-5.0,149.0,0.81,8.93,11.053
2015-04,-5.0,148.0,0.69,6.4578,9.399
2015-04,-3.0,149.0,0.65,5.8577,8.952
2015-04,-3.0,148.0,0.63,5.4495,8.634
2015-04,-2.0,145.0,0.59,4.7706,8.079
2015-04,-5.0,150.0,0.56,4.317,7.685
2015-04,-2.0,146.0,0.56,4.2688,7.642
2015-04,-2.0,147.0,0.56,4.2688,7.642
2015-04,-3.0,150.0,0.54,3.964,7.364
2015-04,-1.0,144.0,0.54,3.9214,7.324
2015-04,-1.0,145.0,0.54,3.9214,7.324
2015-04,-2.0,144.0,0.52,3.7117,7.126
2015-04,-4.0,148.0,0.52,3.6295,7.046
2015-04,-3.0,146.0,0.52,3.6295,7.046
2015-04,-1.0,143.0,0.51,3.5079,6.927
2015-04,-4.0,150.0,0.49,3.2321,6.649
2015-04,-3.0,147.0,0.49,3.2321,6.649
2015-04,-3.0,144.0,0.46,2.9263,6.327
2015-04,-4.0,149.0,0.45,2.7499,6.133
2015-04,-1.0,146.0,0.45,2.7499,6.133
2015-04,-5.0,147.0,0.44,2.6242,5.992
2015-04,-1.0,147.0,0.43,2.5748,5.935
2015-04,0.0,146.0,0.43,2.5748,5.935
2015-04,0.0,147.0,0.43,2.5748,5.935
2015-04,-4.0,146.0,0.43,2.5472,5.903
2015-04,-2.0,148.0,0.41,2.2742,5.578
2015-04,-3.0,145.0,0.4,2.2419,5.538
2015-04,-4.0,145.0,0.4,2.2013,5.488
2015-04,-3.0,143.0,0.39,2.0569,5.305
2015-04,0.0,145.0,0.39,2.0532,5.3
2015-04,-2.0,155.0,0.37,1.9023,5.101
2015-04,-2.0,154.0,0.37,1.8436,5.022
2015-04,-3.0,156.0,0.36,1.8145,4.982
2015-04,0.0,148.0,0.36,1.7857,4.943
2015-04,-3.0,155.0,0.35,1.7007,4.824
2015-04,-2.0,149.0,0.35,1.7007,4.824
2015-04,-3.0,142.0,0.35,1.6655,4.773
2015-04,-4.0,147.0,0.35,1.6452,4.744
2015-04,-2.0,143.0,0.34,1.5369,4.585
2015-04,-3.0,157.0,0.33,1.4842,4.506
2015-04,-4.0,144.0,0.33,1.4759,4.493
2015-04,-1.0,142.0,0.33,1.4581,4.466
2015-04,0.0,144.0,0.32,1.4323,4.427
2015-04,-1.0,149.0,0.31,1.3563,4.307
2015-04,-6.0,151.0,0.31,1.3463,4.292
2015-04,-2.0,156.0,0.31,1.3068,4.228
2015-04,0.0,149.0,0.31,1.3068,4.228
2015-04,-5.0,151.0,0.3,1.1914,4.037
2015-04,-3.0,158.0,0.29,1.1637,3.99
2015-04,-1.0,151.0,0.29,1.1637,3.99
2015-04,-4.0,155.0,0.29,1.1406,3.95
2015-04,-1.0,150.0,0.28,1.0729,3.831
2015-04,-2.0,153.0,0.28,1.0508,3.791
2015-04,-1.0,152.0,0.27,1.0289,3.752
2015-04,-8.0,151.0,0.27,0.9667,3.637
2015-04,-3.0,159.0,0.27,0.9646,3.633
2015-04,1.0,144.0,0.27,0.9646,3.633
2015-04,-4.0,156.0,0.26,0.9437,3.593
2015-04,-1.0,153.0,0.26,0.9437,3.593
2015-04,-1.0,154.0,0.26,0.9437,3.593
2015-04,0.0,151.0,0.26,0.9229,3.553
2015-04,1.0,145.0,0.26,0.9229,3.553
2015-04,-5.0,146.0,0.26,0.9168,3.542
2015-04,0.0,150.0,0.25,0.8621,3.434
2015-04,-4.0,157.0,0.25,0.8227,3.355
2015-04,0.0,153.0,0.25,0.8227,3.355
2015-04,-1.0,155.0,0.24,0.8033,3.315
2015-04,0.0,152.0,0.24,0.7842,3.275
2015-04,-2.0,150.0,0.24,0.7653,3.236
2015-04,-1.0,148.0,0.24,0.7653,3.236
2015-04,0.0,143.0,0.24,0.7653,3.236
2015-04,-7.0,151.0,0.23,0.7434,3.189
2015-04,-4.0,154.0,0.23,0.71,3.117
2015-04,-7.0,153.0,0.22,0.6921,3.077
2015-04,-6.0,152.0,0.22,0.6743,3.037
2015-04,-3.0,154.0,0.22,0.6568,2.998
2015-04,1.0,146.0,0.22,0.6568,2.998
2015-04,-2.0,142.0,0.22,0.6478,2.977
2015-04,-2.0,157.0,0.22,0.6395,2.958
2015-04,-8.0,150.0,0.21,0.6257,2.926
2015-04,-6.0,153.0,0.21,0.6057,2.878
2015-04,-3.0,151.0,0.21,0.5891,2.839
2015-04,-7.0,152.0,0.2,0.5727,2.799
2015-04,-2.0,141.0,0.2,0.5559,2.758
2015-04,-5.0,152.0,0.19,0.5096,2.64
2015-04,-4.0,151.0,0.19,0.5096,2.64
2015-04,-3.0,160.0,0.19,0.5096,2.64
2015-04,-5.0,154.0,0.19,0.5086,2.638
2015-04,-1.0,156.0,0.18,0.4646,2.521
2015-04,1.0,143.0,0.18,0.4646,2.521
2015-04,0.0,154.0,0.18,0.4358,2.442
2015-04,-2.0,151.0,0.17,0.3944,2.323
2015-04,0.0,142.0,0.17,0.3944,2.323
2015-04,-1.0,141.0,0.17,0.3812,2.284
2015-04,1.0,151.0,0.16,0.3679,2.243
2015-04,-5.0,157.0,0.16,0.3423,2.164
2015-04,0.0,155.0,0.16,0.3423,2.164
2015-04,-6.0,154.0,0.16,0.3367,2.146
2015-04,-5.0,155.0,0.16,0.3313,2.129
2015-04,-3.0,153.0,0.15,0.3176,2.085
2015-04,-8.0,152.0,0.15,0.3172,2.083
2015-04,-2.0,158.0,0.15,0.3057,2.045
2015-04,-4.0,158.0,0.15,0.2939,2.005
2015-04,-4.0,159.0,0.14,0.2824,1.965
2015-04,-2.0,168.0,0.14,0.2824,1.965
2015-04,-1.0,159.0,0.14,0.2687,1.917
2015-04,-2.0,167.0,0.14,0.26,1.886
2015-04,-1.0,158.0,0.14,0.2568,1.874
2015-04,-2.0,159.0,0.13,0.2492,1.846
2015-04,-2.0,166.0,0.13,0.2492,1.846
2015-04,-8.0,153.0,0.13,0.2437,1.826
2015-04,-1.0,157.0,0.13,0.2386,1.807
2015-04,2.0,145.0,0.13,0.2316,1.78
2015-04,1.0,147.0,0.13,0.2282,1.767
2015-04,1.0,150.0,0.13,0.2181,1.727
2015-04,1.0,152.0,0.13,0.2181,1.727
2015-04,-5.0,153.0,0.12,0.2082,1.688
2015-04,-2.0,152.0,0.12,0.1891,1.608
2015-04,1.0,154.0,0.12,0.1891,1.608
2015-04,-5.0,159.0,0.11,0.1798,1.569
2015-04,-4.0,153.0,0.11,0.1798,1.569
2015-04,-4.0,160.0,0.11,0.1798,1.569
2015-04,-5.0,160.0,0.11,0.1621,1.489
2015-04,1.0,153.0,0.11,0.1621,1.489
2015-04,3.0,170.0,0.11,0.1621,1.489
2015-04,5.0,169.0,0.11,0.1538,1.45
2015-04,-4.0,161.0,0.1,0.1453,1.41
2015-04,-2.0,169.0,0.1,0.1453,1.41
2015-04,0.0,166.0,0.1,0.1453,1.41
2015-04,-3.0,167.0,0.1,0.1449,1.408
2015-04,-2.0,160.0,0.1,0.1449,1.408
2015-04,-3.0,161.0,0.1,0.1372,1.37
2015-04,-1.0,167.0,0.1,0.1372,1.37
2015-04,0.0,165.0,0.1,0.1372,1.37
2015-04,-3.0,168.0,0.1,0.1363,1.366
2015-04,6.0,171.0,0.1,0.1363,1.366
2015-04,1.0,142.0,0.1,0.1294,1.33
2015-04,-5.0,156.0,0.1,0.128,1.323
2015-04,5.0,170.0,0.1,0.128,1.323
2015-04,-5.0,161.0,0.09,0.1218,1.291
2015-04,4.0,170.0,0.09,0.1218,1.291
2015-04,4.0,171.0,0.09,0.1144,1.251
2015-04,-1.0,160.0,0.09,0.1135,1.246
2015-04,-7.0,150.0,0.09,0.1108,1.231
2015-04,2.0,144.0,0.09,0.1108,1.231
2015-04,6.0,172.0,0.09,0.1107,1.231
2015-04,-1.0,166.0,0.09,0.1072,1.211
2015-04,6.0,170.0,0.09,0.1045,1.196
2015-04,3.0,169.0,0.09,0.1003,1.172
2015-04,-7.0,154.0,0.08,0.0949,1.139
2015-04,-3.0,169.0,0.08,0.0949,1.139
2015-04,-2.0,161.0,0.08,0.0949,1.139
2015-04,4.0,169.0,0.08,0.0936,1.132
2015-04,-1.0,168.0,0.08,0.0872,1.092
2015-04,1.0,155.0,0.08,0.0872,1.092
2015-04,-2.0,165.0,0.08,0.081,1.052
2015-04,2.0,156.0,0.07,0.075,1.013
2015-04,2.0,143.0,0.07,0.0734,1.002
2015-04,-5.0,158.0,0.07,0.0692,0.973
2015-04,-2.0,170.0,0.07,0.0692,0.973
2015-04,5.0,171.0,0.07,0.0692,0.973
2015-04,-4.0,152.0,0.07,0.0637,0.933
2015-04,-3.0,152.0,0.07,0.0637,0.933
2015-04,0.0,156.0,0.07,0.0637,0.933
2015-04,-7.0,149.0,0.07,0.0593,0.901
2015-04,3.0,156.0,0.07,0.0584,0.894
2015-04,-6.0,161.0,0.06,0.0533,0.854
2015-04,-4.0,162.0,0.06,0.0485,0.814
2015-04,-1.0,170.0,0.06,0.0485,0.814
2015-04,2.0,155.0,0.06,0.0439,0.775
2015-04,3.0,157.0,0.05,0.0395,0.735
2015-04,-1.0,172.0,0.05,0.0389,0.729
2015-04,4.0,172.0,0.05,0.0389,0.729
2015-04,1.0,148.0,0.05,0.0353,0.695
2015-04,0.0,141.0,0.05,0.0338,0.68
2015-04,-1.0,169.0,0.05,0.0314,0.656
2015-04,1.0,149.0,0.05,0.0314,0.656
2015-04,2.0,154.0,0.05,0.0314,0.656
2015-04,0.0,164.0,0.05,0.0304,0.645
2015-04,2.0,146.0,0.05,0.0304,0.645
2015-04,4.0,156.0,0.05,0.0304,0.645
2015-04,-1.0,171.0,0.05,0.0277,0.616
2015-04,3.0,171.0,0.05,0.0277,0.616
2015-04,8.0,136.0,0.04,0.0266,0.603
2015-04,2.0,147.0,0.04,0.0265,0.602
2015-04,3.0,168.0,0.04,0.0243,0.576
2015-04,-6.0,162.0,0.04,0.021,0.536
2015-04,-3.0,166.0,0.04,0.021,0.536
2015-04,-2.0,171.0,0.04,0.021,0.536
2015-04,0.0,167.0,0.04,0.021,0.536
2015-04,6.0,157.0,0.04,0.0181,0.498
2015-04,1.0,156.0,0.04,0.018,0.497
2015-04,3.0,155.0,0.04,0.018,0.497
2015-04,-15.0,-165.0,0.04,0.017,0.482
2015-04,4.0,138.0,0.04,0.017,0.482
2015-04,-3.0,170.0,0.03,0.0165,0.475
2015-04,0.0,170.0,0.03,0.0137,0.433
2015-04,-1.0,165.0,0.03,0.0127,0.417
2015-04,2.0,152.0,0.03,0.0111,0.39
2015-04,-7.0,148.0,0.03,0.0098,0.366
2015-04,3.0,172.0,0.03,0.0095,0.361
2015-04,-4.0,163.0,0.03,0.0088,0.348
2015-04,5.0,158.0,0.02,0.0083,0.338
2015-04,-6.0,156.0,0.02,0.0073,0.315
2015-04,-5.0,162.0,0.02,0.0065,0.298
2015-04,2.0,157.0,0.02,0.0065,0.298
2015-04,8.0,172.0,0.02,0.0063,0.294
2015-04,2.0,141.0,0.02,0.0057,0.279
2015-04,7.0,167.0,0.02,0.0057,0.279
2015-04,1.0,141.0,0.02,0.0053,0.269
2015-04,2.0,151.0,0.02,0.0053,0.269
2015-04,-3.0,162.0,0.02,0.0051,0.263
2015-04,0.0,171.0,0.02,0.0051,0.263
2015-04,2.0,164.0,0.02,0.0051,0.263
2015-04,-6.0,157.0,0.02,0.0049,0.259
2015-04,-3.0,165.0,0.02,0.0049,0.259
2015-04,-2.0,172.0,0.02,0.0049,0.259
2015-04,1.0,166.0,0.02,0.0049,0.259
2015-04,2.0,167.0,0.02,0.0049,0.259
2015-04,2.0,139.0,0.02,0.0047,0.255
2015-04,-8.0,154.0,0.02,0.0037,0.224
2015-04,-3.0,176.0,0.02,0.0036,0.221
2015-04,-1.0,173.0,0.02,0.0036,0.221
2015-04,4.0,157.0,0.02,0.0036,0.221
2015-04,-6.0,160.0,0.02,0.0035,0.219
2015-04,-4.0,175.0,0.02,0.0035,0.219
2015-04,0.0,168.0,0.02,0.0035,0.219
2015-04,-7.0,161.0,0.01,0.0023,0.179
2015-04,-4.0,167.0,0.01,0.0023,0.178
2015-04,-3.0,175.0,0.01,0.0023,0.178
2015-04,1.0,165.0,0.01,0.0023,0.179
2015-04,1.0,172.0,0.01,0.0023,0.178
2015-04,2.0,169.0,0.01,0.0023,0.178
2015-04,6.0,158.0,0.01,0.0023,0.179
2015-04,-6.0,159.0,0.01,0.0014,0.139
2015-04,2.0,153.0,0.01,0.0014,0.139
2015-04,1.0,171.0,0.01,0.0013,0.136
2015-04,2.0,142.0,0.01,0.0013,0.132
2015-04,5.0,157.0,0.01,0.0013,0.136
2015-04,-16.0,172.0,0.01,0.0012,0.126
2015-04,6.0,135.0,0.01,0.0012,0.129
2015-04,7.0,135.0,0.01,0.0012,0.126
2015-04,8.0,157.0,0.01,0.0012,0.126
2015-04,2.0,166.0,0.01,0.0007,0.1
2015-04,4.0,158.0,0.01,0.0007,0.1
2015-04,2.0,170.0,0.01,0.0006,0.093
2015-04,-10.0,156.0,0.01,0.0005,0.086
2015-04,1.0,164.0,0.01,0.0005,0.086
2015-04,8.0,171.0,0.01,0.0005,0.086
2015-04,-10.0,154.0,0.0,0.0003,0.061
2015-04,4.0,168.0,0.0,0.0003,0.06
2015-04,-8.0,156.0,0.0,0.0002,0.051
2015-04,2.0,138.0,0.0,0.0002,0.05
2015-04,7.0,170.0,0.0,0.0002,0.051
2015-04,3.0,146.0,0.0,1e-04,0.029
2015-04,-4.0,176.0,0.0,0.0,0.02
2015-04,-3.0,174.0,0.0,0.0,0.02
2015-04,0.0,169.0,0.0,0.0,0.008
2015-04,3.0,153.0,0.0,0.0,0.02
2015-04,4.0,155.0,0.0,0.0,0.008
2015-04,5.0,172.0,0.0,0.0,0.02
